排名,代码,名称,每股分红合计,最新价,昨收,最新分红率,昨日分红率,分红率涨跌幅,是否保留,买入提醒pe,买入提醒价格,买入pb,,,,
1,002271,东方雨虹,1.85,11.61,11.67,15.934539190353144,15.85261353898886,0.08192565136428342,否,,,,,,,
2,603508,思维列控,3.2882800000000003,22.78,23.13,14.43494293239684,14.21651534803286,0.21842758436397958,否,,,,,,,
3,605368,蓝天燃气,0.8500000000000001,6.62,6.73,12.83987915407855,12.63001485884101,0.2098642952375407,是,18,,,,,,
4,000937,冀中能源,0.6,4.68,4.74,12.820512820512823,12.658227848101264,0.16228497241155893,否,,,,,,,
5,002572,索菲亚,1,8.14,8.33,12.285012285012284,12.004801920768307,0.2802103642439775,否,,,,,,,
6,603565,中谷物流,1.22,10.39,10.49,11.74205967276227,11.630123927550047,0.11193574521222338,否,,,,,,,
7,002088,鲁阳节能,0.8,7.48,7.6,10.695187165775401,10.526315789473685,0.16887137630171623,否,,,,,,,
8,603801,志邦家居,0.6,5.77,5.91,10.398613518197573,10.152284263959391,0.24632925423818186,否,,,,,,,
9,002582,好想你,1,10.02,10.07,9.980039920159681,9.930486593843098,0.049553326316583934,否,,,,,,,
10,002818,富森美,1.04,10.73,10.82,9.692451071761417,9.611829944547134,0.0806211272142825,否,,,,,,,
11,000915,华特达因,2.5,25.82,25.37,9.682416731216112,9.854158454867953,-0.171741724,是,11.2,,,,,,
12,002327,富安娜,0.62,6.51,6.49,9.523809523809526,9.553158705701078,-0.029349182,否,,,,,,,
13,603886,元祖股份,1,10.6,10.65,9.433962264150944,9.389671361502346,0.04429090264859781,否,,,,,,,
14,603167,渤海轮渡,0.8,8.7,8.72,9.195402298850576,9.174311926605505,0.021090372245071265,否,,,,,,,
15,603551,奥普科技,0.8500000000000001,9.32,9.43,9.120171673819744,9.013785790031815,0.10638588378792946,否,,,,,,,
16,600894,广日股份,0.7,7.84,7.84,8.928571428571429,8.928571428571429,0,否,,,,,,,
17,300616,尚品宅配,0.9,10.34,10.35,8.704061895551257,8.695652173913045,0.00840972163821263,否,,,,,,,
18,601567,三星电气,1.375,15.88,16.12,8.658690176322418,8.529776674937965,0.1289135013844529,否,,,,,,,
19,603095,越剑智能,1.1,13.05,13.1,8.42911877394636,8.396946564885498,0.032172209060862045,否,,,,,,,
20,002563,森马服饰,0.5,6.01,6.1,8.31946755407654,8.196721311475411,0.12274624260112965,否,,,,,,,
21,002014,永新股份,0.8999999999999999,10.97,10.97,8.204193254329988,8.204193254329988,0,是,12.5,,,,,,
22,002749,国光股份,0.7,8.61,8.62,8.130081300813007,8.120649651972158,0.009431648840848794,否,,,,,,,
23,603277,银都股份,0.85,10.49,10.7,8.102955195424213,7.943925233644861,0.15902996177935247,否,,,,,,,
24,600566,济川药业,2.09,25.9,27.09,8.069498069498069,7.7150239940937615,0.3544740754043074,是,10.5,,,,,,
25,603027,千禾味业,0.6,7.47,7.54,8.032128514056225,7.957559681697612,0.07456883235861334,否,,,,,,,
26,603165,荣晟环保,1.1,13.97,13.8,7.874015748031496,7.971014492753624,-0.096998745,是,12.3,,,,,,
27,603833,欧派家居,2.48,31.63,33.03,7.840657603540942,7.508325764456554,0.3323318390843877,否,,,,,,,
28,605337,李子园,0.74,9.47,9.45,7.814149947201689,7.830687830687831,-0.016537883,否,,,,,,,
29,605377,华旺科技,0.6799999999999999,9.03,9.12,7.530454042081949,7.456140350877193,0.07431369120475662,否,,,,,,,
30,601088,中国神华,3.24,43.94,43.97,7.373691397360036,7.368660450307028,0.005030947053008106,是,,35,,,,,
31,002867,周大生,0.9,12.65,12.76,7.114624505928854,7.053291536050158,0.06133296987869663,否,,,,,,,
32,601717,中创智领,1.1199999999999999,15.82,16.05,7.079646017699114,6.9781931464174445,0.10145287128166913,否,,,,,,,
33,600742,富维股份,0.53,7.54,7.7,7.0291777188328926,6.883116883116883,0.14606083571600958,否,,,,,,,
34,002469,三维化学,0.4,5.75,5.9,6.956521739130435,6.779661016949152,0.17686072218128235,否,,,,,,,
35,002372,伟星新材,0.6,8.64,8.61,6.944444444444444,6.968641114982578,-0.024196671,否,,,,,,,
36,600694,大商股份,1,14.43,14.62,6.93000693000693,6.839945280437757,0.09006164956917306,否,,,,,,,
37,603006,联明股份,0.76,11.01,11.07,6.902815622161672,6.865401987353207,0.03741363480846527,否,,,,,,,
38,002839,张家港行,0.30000000000000004,4.35,4.41,6.896551724137932,6.802721088435375,0.09383063570255779,否,,,,,,,
39,600681,百川能源,0.235,3.42,3.42,6.871345029239766,6.871345029239766,0,否,,,,,,,
40,002032,苏泊尔,2.81,41.11,41.33,6.8353198735100955,6.798935398015969,0.03638447549412671,否,,,,,,,
41,603897,长城科技,1.8,26.51,26.57,6.789890607317993,6.774557771923222,0.015332835394771038,否,,,,,,,
42,600729,重百集团,1.36216,20.14,20.44,6.7634558093346575,6.664187866927593,0.0992679424070646,否,,,,,,,
43,601577,长沙银行,0.6200000000000001,9.21,9.34,6.731813246471227,6.63811563169165,0.09369761477957717,否,,,,,,,
44,000521,长虹美菱,0.32999999999999996,4.91,4.96,6.720977596741343,6.653225806451612,0.06775179028973088,否,,,,,,,
45,601666,平煤股份,0.6,8.94,8.92,6.7114093959731544,6.726457399103139,-0.015048003,否,,,,,,,
46,605266,健之佳,1.1,16.5,16.36,6.666666666666667,6.723716381418093,-0.057049715,否,,,,,,,
47,601886,江河集团,0.55,8.27,8.4,6.650544135429263,6.547619047619048,0.10292508781021503,否,,,,,,,
48,600582,天地科技,0.317,4.8,4.83,6.604166666666666,6.563146997929607,0.04101966873705898,否,,,,,,,
49,002508,老板电器,1,15.25,15.44,6.557377049180328,6.476683937823835,0.08069311135649304,否,,,,,,,
50,601128,常熟银行,0.4,6.12,6.21,6.535947712418301,6.441223832528181,0.09472387989011999,否,,,,,,,
51,601928,凤凰传媒,0.6,9.2,9.39,6.521739130434782,6.3897763578274756,0.1319627726073067,否,,,,,,,
52,603589,口子窖,1.3,20.12,19.96,6.461232604373757,6.513026052104208,-0.051793448,否,,,,,,,
53,002027,分众传媒,0.32999999999999996,5.14,5.14,6.420233463035019,6.420233463035019,0,否,,,,,,,
54,603323,苏农银行,0.27,4.21,4.28,6.413301662707839,6.308411214953272,0.1048904477545678,否,,,,,,,
55,603519,立霸股份,1,15.69,15.21,6.373486297004462,6.574621959237343,-0.201135662,否,,,,,,,
56,603303,得邦照明,1.381,21.73,20.42,6.355269213069489,6.762977473065622,-0.40770826,否,,,,,,,
57,605077,华康股份,0.7,11.06,11.07,6.329113924050632,6.323396567299006,0.0057173567516262125,否,,,,,,,
58,600901,江苏金租,0.4,6.36,6.4,6.289308176100629,6.25,0.03930817610062931,是,,5.8,1.3,,,,
59,002035,华帝股份,0.3,4.79,4.82,6.263048016701461,6.224066390041493,0.03898162665996807,否,,,,,,,
60,002884,凌霄泵业,1,16.11,16.23,6.207324643078834,6.161429451632778,0.04589519144605525,否,,,,,,,
61,002322,理工能科,0.6599999999999999,10.68,10.78,6.179775280898876,6.122448979591836,0.05732630130703953,否,,,,,,,
62,600908,无锡银行,0.33000000000000007,5.39,5.46,6.122448979591839,6.043956043956046,0.07849293563579351,否,,,,,,,
63,002233,塔牌集团,0.45,7.41,7.62,6.0728744939271255,5.905511811023622,0.1673626829035033,否,,,,,,,
64,603855,华荣股份,1,16.49,16.57,6.064281382656156,6.035003017501508,0.029278365154647545,否,,,,,,,
65,600007,中国国贸,1.1,18.3,18.41,6.010928961748634,5.975013579576317,0.035915382172317045,否,,,,,,,
66,601668,中国建筑,0.27149999999999996,4.52,4.57,6.006637168141593,5.940919037199124,0.06571813094246881,否,,,,,,,
67,600987,航民股份,0.4,6.67,6.67,5.997001499250375,5.997001499250375,0,否,,,,,,,
68,600008,首创环保,0.16999999999999998,2.84,2.86,5.985915492957746,5.944055944055944,0.04185954890180188,否,,,,,,,
69,300406,九强生物,0.7,11.75,11.53,5.957446808510638,6.071118820468343,-0.113672012,否,,,,,,,
70,603195,公牛集团,2.4,40.69,40.78,5.8982550995330545,5.885237861696909,0.013017237836145057,否,,,,,,,
71,000928,中钢国际,0.29900000000000004,5.07,5.11,5.897435897435898,5.851272015655578,0.046163881780319826,否,,,,,,,
72,002540,亚太科技,0.30000000000000004,5.09,5.15,5.893909626719058,5.825242718446602,0.0686669082724558,否,,,,,,,
73,600612,老凤祥,2.05,34.87,35,5.878979065098939,5.857142857142857,0.0218362079560821,否,,,,,,,
74,603566,普莱柯,0.6000000000000001,10.24,10.13,5.859375000000001,5.923000987166831,-0.063625987,否,,,,,,,
75,002228,合兴包装,0.18,3.08,3.12,5.844155844155844,5.769230769230769,0.0749250749250745,否,,,,,,,
76,600273,嘉化能源,0.4,6.85,6.89,5.8394160583941614,5.805515239477504,0.033900818916657194,否,,,,,,,
77,002521,齐峰新材,0.4,6.85,6.9,5.8394160583941614,5.797101449275362,0.04231460911879914,否,,,,,,,
78,603357,设计总院,0.35,6,6.09,5.833333333333333,5.747126436781609,0.0862068965517242,否,,,,,,,
79,600551,时代出版,0.4,6.86,6.97,5.830903790087463,5.738880918220947,0.09202287186651592,否,,,,,,,
80,002483,润邦股份,0.3,5.16,5.18,5.813953488372093,5.7915057915057915,0.022447696866301214,否,,,,,,,
81,601390,中国中铁,0.26,4.48,4.49,5.803571428571428,5.79064587973274,0.01292554883868835,否,,,,,,,
82,601166,兴业银行,1.06,18.34,18.48,5.779716466739368,5.735930735930736,0.04378573080863202,否,,,,,,,
83,000895,双汇发展,1.4,24.27,25.38,5.7684384013185,5.516154452324665,0.2522839489938349,是,15.5,,,,5.54,10.54,0.525616698
84,000581,威孚高科,1,17.36,17.53,5.76036866359447,5.704506560182543,0.055862103411926434,否,,,,,5.4,10.27364621,
85,600970,中材国际,0.45,7.83,7.81,5.747126436781609,5.761843790012804,-0.014717353,否,,,,,5.3,10.0833935,
86,600803,新奥股份,0.99,17.3,17.37,5.722543352601156,5.699481865284974,0.023061487316182294,否,,,,,5.2,9.893140794,
87,002304,洋河股份,2.317,40.84,40.88,5.673359451518119,5.667808219178083,0.005551232340036627,否,,,,,5.1,9.702888087,
88,601229,上海银行,0.52,9.21,9.3,5.646036916395222,5.591397849462365,0.05463906693285736,否,,,,,5.0 ,9.512635379,
89,603816,顾家家居,1.3800000000000001,24.51,24.75,5.630354957160343,5.575757575757576,0.05459738140276649,否,,,,,4.9,9.322382671,
90,600690,海尔智家,1.2342399999999998,21.93,22.12,5.628089375284997,5.579746835443037,0.04834253984196035,是,10.9,,,,4.8,9.132129964,
91,600016,民生银行,0.198,3.53,3.52,5.609065155807366,5.625,-0.015934844,否,,,,,,,
92,002991,甘源食品,2.364,42.44,42.49,5.570216776625825,5.563662038126617,0.006554738499207957,否,,,,,,,
93,600373,中文传媒,0.4,7.2,7.31,5.555555555555556,5.471956224350206,0.08359933120535068,否,,,,,,,
94,002367,康力电梯,0.3,5.4,5.42,5.555555555555555,5.535055350553505,0.020500205002050187,否,,,,,,,
95,600820,隧道股份,0.30000000000000004,5.41,5.43,5.545286506469502,5.52486187845304,0.020424628016462165,否,,,,,,,
96,603096,新经典,0.8,14.67,14.77,5.453306066802999,5.416384563303995,0.036921503499003805,否,,,,,,,
97,000596,古井贡酒,5,91.69,90.15,5.453157378121933,5.546311702717692,-0.093154325,否,,,,,,,
98,601766,中国中车,0.32000000000000006,5.88,5.93,5.442176870748301,5.3962900505902205,0.04588682015808043,否,,,,,,,
99,603889,新澳股份,0.3,5.54,5.62,5.415162454873646,5.338078291814946,0.07708416305870003,是,10.3,,,,,,
100,600873,梅花生物,0.42596999999999996,7.88,7.9,5.405710659898476,5.392025316455696,0.013685343442780606,,,,,,,,
101,603689,皖天然气,0.39999999999999997,7.41,7.46,5.398110661268555,5.361930294906165,0.03618036636239008,,,,,,,,
102,600642,申能股份,0.45,8.34,8.35,5.39568345323741,5.389221556886228,0.006461896351182439,,,,,,,,
103,688606,奥泰生物,2.5,46.39,45,5.389092476826902,5.555555555555555,-0.166463079,,,,,,,,
104,003012,东鹏控股,0.25,4.64,4.73,5.387931034482759,5.285412262156448,0.10251877232631124,,,,,,,,
105,002293,罗莱生活,0.6000000000000001,11.2,11.16,5.3571428571428585,5.376344086021506,-0.019201229,,,,,,,,
106,002274,华昌化工,0.3,5.6,5.6,5.357142857142858,5.357142857142858,0,,,,,,,,
107,600585,海螺水泥,0.95,17.76,17.8,5.3490990990990985,5.337078651685393,0.012020447413705782,,,,,,,,
108,000001,平安银行,0.598,11.19,11.27,5.344057193923145,5.3061224489795915,0.037934744943553866,,,,,,,,
109,603515,欧普照明,0.9,16.89,17.11,5.328596802841918,5.260081823495033,0.06851497934688577,,,,,,,,
110,601019,山东出版,0.37,6.98,7.15,5.300859598853868,5.174825174825175,0.1260344240286928,,,,,,,,
111,600546,山煤国际,0.6900000000000001,13.02,13.22,5.299539170506913,5.219364599092285,0.08017457141462803,,,,,,,,
112,600757,长江传媒,0.41,7.75,7.77,5.290322580645161,5.276705276705276,0.013617303939884806,,,,,,,,
113,601098,中南传媒,0.55,10.43,10.57,5.273250239693193,5.203405865657522,0.06984437403567156,,,,,,,,
114,603967,中创物流,0.6,11.4,11.4,5.263157894736842,5.263157894736842,0,,,,,,,,
115,601107,四川成渝,0.29,5.53,5.64,5.244122965641952,5.141843971631205,0.1022789940107467,,,,,,,,
116,603611,诺力股份,0.897,17.11,17.19,5.242548217416716,5.218150087260034,0.024398130156681574,,,,,,,,
117,002416,爱施德,0.5,9.59,9.72,5.213764337851929,5.144032921810699,0.0697314160412299,,,,,,,,
118,600461,洪城环境,0.46399999999999997,8.9,8.93,5.213483146067415,5.195968645016797,0.017514501050618136,,,,,,,,
119,002007,华兰生物,0.7,13.43,13.12,5.212211466865227,5.335365853658536,-0.123154387,,,,,,,,
120,601997,贵阳银行,0.29,5.59,5.64,5.18783542039356,5.141843971631205,0.04599144876235428,,,,,,,,
121,000568,泸州老窖,4.5920000000000005,88.64,87.01,5.180505415162456,5.277554304102977,-0.097048889,,,,,,,,
122,300770,新媒股份,1.76,34.02,34.3,5.173427395649617,5.131195335276968,0.04223206037264937,,,,,,,,
123,002557,洽洽食品,1,19.36,19.51,5.1652892561983474,5.125576627370579,0.03971262882776827,,,,,,,,
124,600036,招商银行,2,38.8,38.97,5.154639175257732,5.1321529381575575,0.022486237100174833,,,,,,,,
125,601328,交通银行,0.3533,6.91,6.94,5.11287988422576,5.090778097982708,0.022101786243051258,,,,,,,,
126,002404,嘉欣丝绸,0.3,5.88,5.94,5.1020408163265305,5.05050505050505,0.05153576582148034,,,,,,,,
127,000708,中信特钢,0.7072162,13.89,14.1,5.091549316054715,5.015717730496454,0.07583158555826142,,,,,,,,
128,603365,水星家纺,0.9,17.68,17.95,5.090497737556561,5.013927576601672,0.07657016095488878,,,,,,,,
129,601339,百隆东方,0.41000000000000003,8.08,8.15,5.074257425742575,5.030674846625767,0.04358257911680763,,,,,,,,
130,601811,新华文轩,0.6,11.87,12.02,5.054759898904802,4.9916805324459235,0.06307936645887846,,,,,,,,
131,600325,华发股份,0.12400000000000001,2.46,2.53,5.040650406504065,4.901185770750989,0.13946463575307622,,,,,,,,
132,002807,江阴银行,0.2,3.98,4.03,5.025125628140704,4.962779156327543,0.062346471813160775,,,,,,,,
133,002966,苏州银行,0.41000000000000003,8.18,8.21,5.012224938875306,4.993909866017052,0.018315072858253956,,,,,,,,
134,600741,华域汽车,0.8,16,16,5,5,0,,,,,,,,
135,000651,格力电器,2,40.1,40.25,4.987531172069825,4.968944099378882,0.018587072690943174,,,,,,,,
136,600295,鄂尔多斯,0.6,12.04,12.14,4.983388704318937,4.942339373970346,0.04104933034859126,,,,,,,,
137,601838,成都银行,0.891,17.88,17.97,4.983221476510067,4.9582637729549255,0.02495770355514182,,,,,,,,
138,002705,新宝股份,0.6,12.06,12.31,4.975124378109452,4.8740861088545895,0.10103826925486281,,,,,,,,
139,603788,宁波高发,0.7,14.08,14.2,4.971590909090909,4.929577464788732,0.04201344430217713,,,,,,,,
140,000719,中原传媒,0.6,12.13,12.38,4.9464138499587795,4.846526655896607,0.09988719406217239,,,,,,,,
141,688516,奥特维,2.1,42.46,40.88,4.945831370701837,5.136986301369863,-0.191154931,,,,,,,,
142,002267,陕天然气,0.35,7.08,7.16,4.943502824858757,4.888268156424581,0.055234668434176015,,,,,,,,
143,600035,楚天高速,0.16999999999999998,3.44,3.47,4.941860465116279,4.899135446685878,0.04272501843040111,,,,,,,,
144,000088,盐田港,0.218,4.44,4.47,4.90990990990991,4.876957494407159,0.03295241550275119,,,,,,,,
145,600039,四川路桥,0.40900000000000003,8.34,8.54,4.904076738609113,4.789227166276348,0.1148495723327656,,,,,,,,
146,600210,紫江企业,0.3,6.12,6.15,4.901960784313726,4.878048780487805,0.02391200382592107,,,,,,,,
147,300529,健帆生物,0.8,16.38,17.82,4.884004884004884,4.489337822671156,0.3946670613337284,,,,,,,,
148,603299,苏盐井神,0.44299999999999995,9.08,9.14,4.878854625550661,4.846827133479211,0.032027492071449615,,,,,,,,
149,600660,福耀玻璃,2.7,55.4,56.05,4.8736462093862825,4.817127564674398,0.05651864471188439,,,,,,,,
150,601186,中国铁建,0.3,6.16,6.2,4.87012987012987,4.838709677419355,0.03142019271051488,,,,,,,,
151,002318,久立特材,0.97,19.97,19.89,4.85728592889334,4.876822523881348,-0.019536595,,,,,,,,
152,002043,兔宝宝,0.6,12.38,12.65,4.846526655896607,4.743083003952568,0.1034436519440387,,,,,,,,
153,600750,华润江中,1.2,24.77,25,4.844570044408559,4.8,0.04457004440855883,,,,,,,,
154,603948,建业股份,1,20.68,20.5,4.835589941972921,4.878048780487805,-0.042458839,,,,,,,,
155,603408,建霖家居,0.5,10.34,10.54,4.835589941972921,4.743833017077799,0.09175692489512155,,,,,,,,
156,603871,嘉友国际,0.6000000000000001,12.42,12.77,4.830917874396136,4.698512137823023,0.13240573657311305,,,,,,,,
157,601998,中信银行,0.36019999999999996,7.46,7.55,4.828418230563003,4.7708609271523175,0.0575573034106851,,,,,,,,
158,603600,永艺股份,0.45999999999999996,9.53,9.56,4.826862539349422,4.8117154811715475,0.015147058177874761,,,,,,,,
159,601318,中国平安,2.57,53.38,53.5,4.8145372798801045,4.803738317757009,0.01079896212309528,,,,,,,,
160,600997,开滦股份,0.26,5.41,5.56,4.805914972273567,4.6762589928057565,0.1296559794678105,,,,,,,,
161,603368,柳药集团,0.751,15.63,15.51,4.804862444017914,4.842037395228885,-0.037174951,,,,,,,,
162,000333,美的集团,4,83.5,85.32,4.790419161676647,4.688232536333802,0.10218662534284473,,,,,,,,
163,000828,东莞控股,0.475,9.94,9.96,4.778672032193159,4.769076305220883,0.009595726972275287,,,,,,,,
164,000423,东阿阿胶,2.5430815000000004,53.4,53.85,4.762324906367042,4.7225283194057575,0.03979658696128485,,,,,,,,
165,000786,北新建材,0.865,18.19,18.51,4.755360087960417,4.673149648838465,0.08221043912195203,,,,,,,,
166,300896,爱美客,5,105.26,102.6,4.750142504275128,4.873294346978558,-0.123151843,,,,,,,,
167,300349,金卡智能,0.5,10.53,10.57,4.748338081671415,4.730368968779565,0.017969112891849548,,,,,,,,
168,603639,海利尔,0.5,10.54,10.61,4.743833017077799,4.71253534401508,0.0312976730627188,,,,,,,,
169,600027,华电国际,0.22,4.67,4.69,4.710920770877944,4.6908315565031975,0.020089214374746867,,,,,,,,
170,600066,宇通客车,1.5,31.9,32.33,4.702194357366771,4.639653572533251,0.06254078483352021,,,,,,,,
171,603706,东方环宇,0.9,19.15,19.05,4.699738903394256,4.724409448818897,-0.024670545,,,,,,,,
172,000625,长安汽车,0.34500000000000003,7.35,7.38,4.6938775510204085,4.674796747967481,0.01908080305292792,,,,,,,,
173,601225,陕西煤业,1.1749999999999998,25.04,24.88,4.692492012779552,4.722668810289388,-0.030176798,,,,,,,,
174,601900,南方传媒,0.55,11.73,11.79,4.6888320545609545,4.664970313825276,0.02386174073567826,,,,,,,,
175,002332,仙琚制药,0.4,8.54,8.46,4.683840749414521,4.7281323877068555,-0.044291638,,,,,,,,
176,601555,东吴证券,0.375,8.03,8,4.669987546699876,4.6875,-0.017512453,,,,,,,,
177,600863,华能蒙电,0.22000000000000003,4.72,4.73,4.661016949152543,4.651162790697675,0.009854158454868589,,,,,,,,
178,600887,伊利股份,1.22,26.21,26.32,4.654711942006867,4.635258358662614,0.01945358334425329,,,,,,,,
179,000921,海信家电,1.23,26.45,26.86,4.650283553875236,4.579300074460164,0.0709834794150721,,,,,,,,
180,600261,阳光照明,0.13999999999999999,3.02,3.05,4.635761589403973,4.590163934426229,0.04559765497774393,,,,,,,,
181,600480,凌云股份,0.4,8.68,8.68,4.6082949308755765,4.6082949308755765,0,,,,,,,,
182,300911,亿田智能,1,21.71,21.89,4.606172270842929,4.568296025582458,0.037876245260471286,,,,,,,,
183,300628,亿联网络,1.8,39.18,39.65,4.594180704441041,4.539722572509458,0.05445813193158333,,,,,,,,
184,601006,大秦铁路,0.21999999999999997,4.8,4.84,4.583333333333333,4.545454545454545,0.03787878787878807,,,,,,,,
185,600559,老白干酒,0.55,12.04,12.04,4.568106312292359,4.568106312292359,0,,,,,,,,
186,002690,美亚光电,0.7,15.34,15.25,4.563233376792699,4.590163934426229,-0.026930558,,,,,,,,
187,600598,北大荒,0.55,12.06,12.2,4.560530679933665,4.508196721311476,0.0523339586221887,,,,,,,,
188,300864,南大环境,0.85,18.72,18.88,4.5405982905982905,4.502118644067797,0.03847964653049374,,,,,,,,
189,600985,淮北矿业,0.75,16.52,16.5,4.539951573849879,4.545454545454546,-0.005502972,,,,,,,,
190,600015,华夏银行,0.305,6.73,6.81,4.531946508172362,4.47870778267254,0.05323872549982234,,,,,,,,
191,600182,S佳通,0.5900000000000001,13.07,13.08,4.514154552410099,4.510703363914374,0.0034511884957257877,,,,,,,,
192,601369,陕鼓动力,0.43000000000000005,9.53,9.68,4.512067156348374,4.442148760330579,0.06991839601779493,,,,,,,,
193,601009,南京银行,0.50551,11.21,11.28,4.5094558429973235,4.4814716312056735,0.027984211791650004,,,,,,,,
194,603697,有友食品,0.44,9.76,9.73,4.508196721311475,4.522096608427543,-0.013899887,,,,,,,,
195,600916,中国黄金,0.35,7.77,7.73,4.504504504504505,4.5278137128072435,-0.023309208,,,,,,,,
196,300232,洲明科技,0.24,5.33,5.38,4.50281425891182,4.4609665427509295,0.041847716160890336,,,,,,,,
197,300306,远方信息,0.43200000000000005,9.61,9.7,4.4953173777315305,4.4536082474226815,0.04170913030884904,,,,,,,,
198,600020,中原高速,0.16999999999999998,3.79,3.82,4.485488126649076,4.450261780104712,0.03522634654436452,,,,,,,,
199,601598,中国外运,0.29,6.47,6.46,4.482225656877898,4.489164086687306,-0.00693843,,,,,,,,
200,600028,中国石化,0.22799999999999998,5.1,5.08,4.470588235294118,4.488188976377952,-0.017600741,,,,,,,,
201,600000,浦发银行,0.41,9.21,9.29,4.451682953311617,4.413347685683531,0.03833526762808592,,,,,,,,
202,603899,晨光股份,1,22.48,22.61,4.448398576512456,4.42282176028306,0.025576816229395227,,,,,,,,
203,000550,江铃汽车,0.71914,16.17,16.4,4.447371675943105,4.385000000000001,0.06237167594310389,,,,,,,,
204,600017,日照港,0.119,2.68,2.72,4.4402985074626855,4.375,0.0652985074626855,,,,,,,,
205,002677,浙江美大,0.3,6.77,6.69,4.431314623338257,4.484304932735426,-0.052990309,,,,,,,,
206,002116,中国海诚,0.30937899999999996,6.99,7.07,4.426022889842632,4.375940594059405,0.05008229578322698,,,,,,,,
207,001965,招商公路,0.417,9.44,9.52,4.417372881355932,4.380252100840336,0.037120780515595975,,,,,,,,
208,002594,比亚迪,3.974,90.04,89.45,4.4135939582407815,4.442705422023477,-0.029111464,,,,,,,,
209,000672,上峰材料,0.63,14.29,13.87,4.408677396780966,4.542177361211248,-0.133499964,,,,,,,,
210,600720,中交设计,0.229,5.2,5.28,4.403846153846154,4.337121212121212,0.06672494172494225,,,,,,,,
211,603369,今世缘,1.2,27.26,27.08,4.402054292002934,4.431314623338257,-0.029260331,,,,,,,,
212,002727,一心堂,0.5,11.36,11.31,4.401408450704226,4.420866489832006,-0.019458039,,,,,,,,
213,600351,亚宝药业,0.3,6.82,6.66,4.39882697947214,4.504504504504505,-0.105677525,,,,,,,,
214,603587,地素时尚,0.5,11.38,11.48,4.393673110720562,4.355400696864111,0.038272413856451415,,,,,,,,
215,601336,新华保险,2.6599999999999997,60.66,60.37,4.385097263435543,4.406162000993871,-0.021064738,,,,,,,,
216,605117,德业股份,3.708,84.82,83.5,4.371610469228956,4.440718562874252,-0.069108094,,,,,,,,
217,601857,中国石油,0.47000000000000003,10.77,10.68,4.36397400185701,4.400749063670412,-0.036775062,,,,,,,,
218,600269,赣粤高速,0.16999999999999998,3.9,3.95,4.358974358974359,4.303797468354429,0.05517689061992925,,,,,,,,
219,600197,伊力特,0.45,10.34,10.38,4.352030947775629,4.335260115606936,0.01677083216869235,,,,,,,,
220,003008,开普检测,0.8,18.49,18.45,4.326663061114116,4.336043360433605,-0.009380299,,,,,,,,
221,603309,维力医疗,0.5,11.59,11.57,4.3140638481449525,4.32152117545376,-0.007457327,,,,,,,,
222,600098,广州发展,0.27,6.27,6.28,4.30622009569378,4.299363057324841,0.006857038368938362,,,,,,,,
223,603970,中农立华,0.45,10.46,10.3,4.3021032504780115,4.368932038834951,-0.066828788,,,,,,,,
224,601000,唐山港,0.2,4.67,4.74,4.282655246252677,4.219409282700422,0.06324596355225509,,,,,,,,
225,300532,今天国际,0.30000000000000004,7.02,7.09,4.273504273504274,4.231311706629056,0.042192566875217885,,,,,,,,
226,605338,巴比食品,0.8,18.89,18.93,4.235044997353097,4.226096143687269,0.008948853665827983,,,,,,,,
227,002060,广东建工,0.13999999999999999,3.31,3.37,4.229607250755286,4.154302670623144,0.07530458013214236,,,,,,,,
228,600704,物产中大,0.21000000000000002,4.97,5.02,4.225352112676057,4.183266932270917,0.042085180405139866,,,,,,,,
229,000501,武商集团,0.30000000000000004,7.1,7.16,4.225352112676057,4.189944134078213,0.03540797859784384,,,,,,,,
230,600282,南钢股份,0.2036,4.82,4.96,4.224066390041494,4.104838709677419,0.11922768036407483,,,,,,,,
231,000858,五粮液,3.169,75.11,74.48,4.219145253628012,4.2548335123523096,-0.035688259,,,,,,,,
232,002315,焦点科技,1.15,27.3,27.52,4.212454212454212,4.178779069767442,0.03367514268676963,,,,,,,,
233,601330,绿色动力,0.30000000000000004,7.14,7.18,4.201680672268909,4.178272980501394,0.023407691767515004,,,,,,,,
234,300181,佐力药业,0.6,14.36,13.99,4.178272980501393,4.288777698355968,-0.110504718,,,,,,,,
235,600502,安徽建工,0.19,4.55,4.6,4.175824175824176,4.130434782608696,0.045389393215479856,,,,,,,,
236,000690,宝新能源,0.2,4.8,4.83,4.166666666666667,4.140786749482402,0.02587991718426519,,,,,,,,
237,300564,筑博设计,0.5,12,12.28,4.166666666666666,4.071661237785016,0.09500542888164976,,,,,,,,
238,000157,中联重科,0.3,7.22,7.27,4.1551246537396125,4.126547455295736,0.02857719844387674,,,,,,,,
239,601187,厦门银行,0.3,7.25,7.37,4.137931034482759,4.070556309362279,0.06737472512048015,,,,,,,,
240,300978,东箭科技,0.35,8.46,8.5,4.1371158392434975,4.117647058823529,0.019468780419968468,,,,,,,,
241,600377,宁沪高速,0.49000000000000005,11.86,11.89,4.131534569983137,4.121110176619007,0.010424393364130147,,,,,,,,
242,600655,豫园股份,0.19,4.6,4.61,4.130434782608696,4.1214750542299345,0.008959728378761689,,,,,,,,
243,600926,杭州银行,0.6599999999999999,16,16.18,4.124999999999999,4.079110012360939,0.04588998763906016,,,,,,,,
244,601018,宁波港,0.138,3.35,3.38,4.119402985074627,4.0828402366863905,0.0365627483882367,,,,,,,,
245,300910,瑞丰新材,1.2,29.15,29.31,4.1166380789022305,4.094165813715456,0.022472265186774365,,,,,,,,
246,603187,海容冷链,0.5,12.15,11.95,4.11522633744856,4.1841004184100425,-0.068874081,,,,,,,,
247,600600,青岛啤酒,2.2,53.6,53.56,4.104477611940299,4.1075429424943986,-0.003065331,,,,,,,,
248,002597,金禾实业,0.8300000000000001,20.25,20.43,4.098765432098766,4.062652961331375,0.03611247076739055,,,,,,,,
249,000900,现代投资,0.15,3.66,3.71,4.098360655737705,4.0431266846361185,0.05523397110158612,,,,,,,,
250,002556,辉隆股份,0.2,4.89,4.98,4.08997955010225,4.016064257028113,0.07391529307413691,,,,,,,,
251,600300,维维股份,0.128,3.13,3.15,4.0894568690095845,4.063492063492063,0.025964805517521228,,,,,,,,
252,300641,正丹股份,0.6,14.69,14.69,4.084411164057182,4.084411164057182,0,,,,,,,,
253,603116,红蜻蜓,0.25,6.13,5.96,4.078303425774878,4.194630872483222,-0.116327447,,,,,,,,
254,600211,西藏药业,1.609,39.56,37.91,4.067239635995955,4.24426272751253,-0.177023092,,,,,,,,
255,601398,工商银行,0.306,7.53,7.57,4.063745019920319,4.04227212681638,0.021472893103938517,,,,,,,,
256,600761,安徽合力,0.7,17.23,17.4,4.062681369704004,4.022988505747127,0.03969286395687721,,,,,,,,
257,603198,迎驾贡酒,1.5,37.05,36.88,4.048582995951417,4.0672451193058565,-0.018662123,,,,,,,,
258,600285,羚锐制药,0.9,22.24,22.19,4.046762589928058,4.0558810274898605,-0.009118438,,,,,,,,
259,002746,仙坛股份,0.25,6.19,6.17,4.038772213247173,4.051863857374392,-0.013091644,,,,,,,,
260,688036,传音控股,2.3,57.03,57.4,4.032965106084516,4.006968641114982,0.025996464969534117,,,,,,,,
261,600050,中国联通,0.1733,4.3,4.38,4.030232558139535,3.9566210045662102,0.07361155357332505,,,,,,,,
262,600998,九州通,0.2,4.99,4.95,4.008016032064128,4.040404040404041,-0.032388008,,,,,,,,
263,600057,厦门象屿,0.25,6.24,6.35,4.006410256410256,3.937007874015748,0.06940238239450824,,,,,,,,
264,601163,三角轮胎,0.53,13.23,13.31,4.00604686318972,3.9819684447783623,0.024078418411357827,,,,,,,,
265,601988,中国银行,0.231,5.77,5.79,4.003466204506066,3.989637305699482,0.013828898806584,,,,,,,,
266,601169,北京银行,0.2,5.01,5.03,3.992015968063873,3.9761431411530817,0.015872826910791282,,,,,,,,
267,300573,兴齐眼药,1.7,42.61,40.87,3.9896737854963624,4.15953021776364,-0.169856432,,,,,,,,
268,000411,英特集团,0.38322059999999997,9.65,9.59,3.971197927461139,3.9960437956204373,-0.024845868,,,,,,,,
269,002543,万和电气,0.26,6.55,6.61,3.969465648854962,3.9334341906202726,0.03603145823468923,,,,,,,,
270,300982,苏文电能,0.6,15.15,15.22,3.9603960396039604,3.942181340341656,0.018214699262304457,,,,,,,,
271,002091,江苏国泰,0.3,7.62,7.7,3.937007874015748,3.896103896103896,0.040903977911852074,,,,,,,,
272,600064,南京高科,0.3,7.64,7.71,3.926701570680628,3.8910505836575875,0.03565098702304059,,,,,,,,
273,002003,伟星股份,0.4,10.21,10.41,3.917727717923604,3.842459173871278,0.07526854405232575,,,,,,,,
274,601298,青岛港,0.34730000000000005,8.88,8.93,3.9110360360360366,3.889137737961927,0.02189829807410959,,,,,,,,
275,600587,新华医疗,0.5,12.79,12.72,3.909304143862393,3.930817610062893,-0.021513466,,,,,,,,
276,000404,长虹华意,0.3,7.68,7.67,3.90625,3.911342894393742,-0.005092894,,,,,,,,
277,000498,山东路桥,0.19299999999999998,4.95,5.02,3.8989898989898983,3.844621513944223,0.05436838504567554,,,,,,,,
278,601939,建设银行,0.39180000000000004,10.07,10.11,3.890764647467726,3.875370919881306,0.015393727586419992,,,,,,,,
279,603658,安图生物,1.26,32.43,32.01,3.885291396854764,3.9362699156513594,-0.050978519,,,,,,,,
280,003006,百亚股份,0.55,14.18,14.37,3.8787023977433006,3.827418232428671,0.051284165314629426,,,,,,,,
281,603317,天味食品,0.55,14.19,14.27,3.8759689922480627,3.8542396636299934,0.02172932861806931,,,,,,,,
282,000983,山西焦煤,0.256,6.61,6.67,3.872919818456883,3.8380809595202403,0.03483885893664285,,,,,,,,
283,600648,外高桥,0.35,9.04,9.06,3.8716814159292032,3.8631346578366443,0.008546758092558893,,,,,,,,
284,600350,山东高速,0.42000000000000004,10.86,10.81,3.8674033149171274,3.885291396854764,-0.017888082,,,,,,,,
285,002833,弘亚数控,0.7,18.1,18.1,3.867403314917126,3.867403314917126,0,,,,,,,,
286,002758,浙农股份,0.3,7.78,7.86,3.8560411311053984,3.8167938931297702,0.039247237975628124,,,,,,,,
287,603156,养元饮品,1.8599999999999999,48.35,45.98,3.846949327817993,4.045237059591127,-0.198287732,,,,,,,,
288,300791,仙乐健康,0.65,16.95,16.91,3.8348082595870205,3.84387936132466,-0.009071102,,,,,,,,
289,002215,诺普信,0.35,9.14,9.12,3.8293216630196936,3.8377192982456143,-0.008397635,,,,,,,,
290,600019,宝钢股份,0.22,5.76,5.85,3.8194444444444446,3.760683760683761,0.05876068376068355,,,,,,,,
291,002142,宁波银行,1.2,31.48,31.74,3.8119440914866582,3.780718336483932,0.031225755002726174,,,,,,,,
292,601158,重庆水务,0.157,4.12,4.13,3.8106796116504853,3.8014527845036317,0.009226827146853633,,,,,,,,
293,002170,芭田股份,0.43999999999999995,11.56,11.53,3.8062283737024214,3.8161318300086724,-0.009903456,,,,,,,,
294,002441,众业达,0.3,7.91,7.96,3.792667509481668,3.7688442211055273,0.023823288376140894,,,,,,,,
295,601288,农业银行,0.245,6.47,6.5,3.786707882534776,3.769230769230769,0.01747711330400703,,,,,,,,
296,003000,劲仔食品,0.4,10.62,10.65,3.7664783427495294,3.755868544600939,0.010609798148590421,,,,,,,,
297,002381,双箭股份,0.2,5.33,5.36,3.75234521575985,3.731343283582089,0.021001932177760807,,,,,,,,
298,002056,横店东磁,0.83219,22.2,21.68,3.7486036036036037,3.8385147601476017,-0.089911157,,,,,,,,
299,600012,皖通高速,0.604,16.12,16.04,3.746898263027295,3.7655860349127184,-0.018687772,,,,,,,,
300,002737,葵花药业,0.5,13.37,13.07,3.7397157816005984,3.825554705432287,-0.085838924,,,,,,,,
301,600332,白云山,0.8,21.5,21.39,3.7209302325581395,3.7400654511453952,-0.019135219,,,,,,,,
302,603233,大参林,0.6499999999999999,17.51,17.91,3.712164477441461,3.6292573981016187,0.08290707933984232,,,,,,,,
303,000789,万年青,0.15,4.06,4.12,3.6945812807881775,3.640776699029126,0.05380458175905156,,,,,,,,
304,000906,浙商中拓,0.2,5.42,5.44,3.6900369003690034,3.6764705882352944,0.013566312133709069,,,,,,,,
305,002303,美盈森,0.197,5.34,5.59,3.6891385767790266,3.524150268336315,0.1649883084427115,,,,,,,,
306,601311,骆驼股份,0.29,7.87,7.9,3.6848792884371027,3.6708860759493667,0.013993212487735995,,,,,,,,
307,688408,中信博,1,27.2,26.97,3.6764705882352944,3.707823507601039,-0.031352919,,,,,,,,
308,600177,雅戈尔,0.28,7.62,7.63,3.674540682414699,3.669724770642202,0.00481591177249685,,,,,,,,
309,600790,轻纺城,0.12,3.28,3.31,3.6585365853658534,3.6253776435045313,0.03315894186132207,,,,,,,,
310,600479,千金药业,0.36,9.85,9.71,3.654822335025381,3.707518022657054,-0.052695688,,,,,,,,
311,600348,华阳股份,0.309,8.48,8.55,3.6438679245283017,3.614035087719298,0.029832836809003727,,,,,,,,
312,600483,福能股份,0.383,10.54,10.66,3.633776091081594,3.5928705440900566,0.04090554699153737,,,,,,,,
313,002831,裕同科技,1.0340863,28.53,29.1,3.6245576586049775,3.55356116838488,0.07099649022009746,,,,,,,,
314,000910,大亚圣象,0.19,5.25,5.29,3.619047619047619,3.5916824196597354,0.02736519938788362,,,,,,,,
315,600583,海油工程,0.20099999999999998,5.56,5.6,3.615107913669065,3.5892857142857144,0.025822199383350508,,,,,,,,
316,603998,方盛制药,0.35,9.72,9.41,3.6008230452674894,3.719447396386822,-0.118624351,,,,,,,,
317,000513,丽珠集团,1.1,30.68,30.13,3.585397653194264,3.6508463325589116,-0.065448679,,,,,,,,
318,601566,九牧王,0.3,8.39,8.43,3.5756853396901067,3.558718861209964,0.016966478480142655,,,,,,,,
319,601992,金隅集团,0.05,1.4,1.42,3.571428571428572,3.5211267605633805,0.05030181086519159,,,,,,,,
320,603908,牧高笛,0.65,18.2,18.22,3.571428571428572,3.5675082327113063,0.0039203387172657145,,,,,,,,
321,600323,瀚蓝环境,1.05,29.42,30.21,3.569000679809653,3.475670307845084,0.09333037196456884,,,,,,,,
322,300146,汤臣倍健,0.36,10.09,10.1,3.5678889990089195,3.564356435643564,0.0035325633653555677,,,,,,,,
323,605378,野马电池,0.5,14.03,14.03,3.5637918745545263,3.5637918745545263,0,,,,,,,,
324,002061,浙江交科,0.125,3.51,3.55,3.561253561253561,3.5211267605633805,0.04012680069018071,,,,,,,,
325,002034,旺能环境,0.5008441,14.07,14.09,3.5596595593461267,3.5546068133427964,0.005052746003330277,,,,,,,,
326,603043,广州酒家,0.48,13.54,13.66,3.5450516986706058,3.513909224011713,0.031142474658892638,,,,,,,,
327,000429,粤高速A,0.523,14.8,14.19,3.5337837837837838,3.6856941508104297,-0.151910367,,,,,,,,
328,605009,豪悦护理,0.85,24.06,23.93,3.5328345802161265,3.5520267446719602,-0.019192164,,,,,,,,
329,000544,中原环保,0.26,7.36,7.37,3.532608695652174,3.5278154681139755,0.00479322753819833,,,,,,,,
330,300833,浩洋股份,1.3,36.84,37.23,3.5287730727470135,3.491807681976901,0.03696539077011263,,,,,,,,
331,002588,史丹利,0.305,8.65,8.69,3.5260115606936413,3.5097813578826234,0.016230202811017946,,,,,,,,
332,000030,富奥股份,0.15,4.26,4.24,3.5211267605633805,3.5377358490566038,-0.016609088,,,,,,,,
333,002790,瑞尔特,0.2,5.69,5.78,3.5149384885764494,3.4602076124567476,0.05473087611970184,,,,,,,,
334,600826,兰生股份,0.28,8.01,8.03,3.495630461922597,3.486924034869241,0.008706427053355892,,,,,,,,
335,600710,苏美达,0.369,10.56,10.72,3.4943181818181817,3.4421641791044775,0.052154002713704184,,,,,,,,
336,603218,日月股份,0.35,10.03,10.08,3.489531405782652,3.472222222222222,0.017309183560429986,,,,,,,,
337,600968,海油发展,0.135,3.87,3.89,3.488372093023256,3.470437017994859,0.017935075028396863,,,,,,,,
338,600060,海信视像,0.8800000000000001,25.24,25.46,3.4865293185419977,3.456402199528673,0.030127119013324766,,,,,,,,
339,002478,常宝股份,0.22000000000000003,6.32,6.32,3.4810126582278484,3.4810126582278484,0,,,,,,,,
340,600153,建发股份,0.3,8.63,8.71,3.476245654692931,3.4443168771526977,0.031928777540233266,,,,,,,,
341,002736,国信证券,0.35,10.1,10.14,3.465346534653465,3.451676528599605,0.013670006053859929,,,,,,,,
342,603730,岱美股份,0.35,10.11,10.65,3.4619188921859543,3.286384976525821,0.1755339156601332,,,,,,,,
343,600167,联美控股,0.2,5.78,5.87,3.4602076124567476,3.4071550255536627,0.0530525869030849,,,,,,,,
344,600827,百联股份,0.265,7.67,7.74,3.455019556714472,3.4237726098191215,0.031246946895350458,,,,,,,,
345,600420,国药现代,0.30000000000000004,8.7,8.58,3.448275862068966,3.4965034965034967,-0.048227634,,,,,,,,
346,002658,雪迪龙,0.25,7.25,7.28,3.4482758620689653,3.434065934065934,0.014209928003031447,,,,,,,,
347,603605,珀莱雅,1.99,57.72,57.9,3.4476784476784474,3.4369602763385148,0.010718171339932692,,,,,,,,
348,600329,达仁堂,1.28,37.18,36.87,3.4427111350188278,3.4716571738540822,-0.028946039,,,,,,,,
349,688009,中国通号,0.16999999999999998,4.94,4.94,3.4412955465587034,3.4412955465587034,0,,,,,,,,
350,601601,中国太保,1.08,31.47,31.67,3.4318398474737846,3.4101673508051786,0.021672496668605934,,,,,,,,
351,601619,嘉泽新能,0.16,4.67,4.64,3.4261241970021414,3.448275862068966,-0.022151665,,,,,,,,
352,002282,博深股份,0.2,5.84,5.87,3.4246575342465757,3.4071550255536627,0.017502508692913032,,,,,,,,
353,600031,三一重工,0.6699999999999999,19.58,19.76,3.4218590398365683,3.3906882591093113,0.031170780727256986,,,,,,,,
354,603037,凯众股份,0.35,10.23,10.29,3.4213098729227758,3.4013605442176873,0.019949328705088476,,,,,,,,
355,688289,圣湘生物,0.537,15.71,15.32,3.418204964990452,3.5052219321148828,-0.087016967,,,,,,,,
356,600352,浙江龙盛,0.45,13.17,13.1,3.416856492027335,3.435114503816794,-0.018258012,,,,,,,,
357,001872,招商港口,0.74,21.66,22.05,3.4164358264081254,3.3560090702947845,0.06042675611334092,,,,,,,,
358,600639,浦东金桥,0.3227,9.45,9.57,3.414814814814815,3.371995820271682,0.04281899454313276,,,,,,,,
359,600422,昆药集团,0.3,8.82,8.75,3.401360544217687,3.428571428571429,-0.027210884,,,,,,,,
360,000923,河钢资源,0.5,14.72,14.71,3.3967391304347823,3.399048266485384,-0.002309136,,,,,,,,
361,601101,昊华能源,0.458,13.5,12.72,3.392592592592593,3.60062893081761,-0.208036338,,,,,,,,
362,000726,鲁泰A,0.2,5.9,5.95,3.389830508474576,3.361344537815126,0.02848597065945002,,,,,,,,
363,600508,上海能源,0.29000000000000004,8.56,8.72,3.38785046728972,3.325688073394496,0.062162393895224266,,,,,,,,
364,300470,中密控股,1,29.53,29.44,3.3863867253640363,3.3967391304347823,-0.010352405,,,,,,,,
365,603053,成都燃气,0.3,8.86,8.92,3.3860045146726865,3.3632286995515694,0.022775815121117038,,,,,,,,
366,600779,水井坊,0.97,28.72,28.51,3.377437325905293,3.402314977200982,-0.024877651,,,,,,,,
367,600188,兖矿能源,0.72,21.33,21.27,3.375527426160338,3.3850493653032436,-0.009521939,,,,,,,,
368,603811,诚意药业,0.25,7.43,7.21,3.3647375504710633,3.467406380027739,-0.10266883,,,,,,,,
369,603995,甬金股份,0.8,23.79,22.84,3.362757461118117,3.502626970227671,-0.139869509,,,,,,,,
370,688358,祥生医疗,1,29.74,28.88,3.362474781439139,3.4626038781163437,-0.100129097,,,,,,,,
371,002949,华阳国际,0.35,10.41,10.42,3.3621517771373677,3.3589251439539343,0.003226633183433414,,,,,,,,
372,300908,仲景食品,0.8,23.82,23.84,3.3585222502099077,3.3557046979865772,0.002817552223330466,,,,,,,,
373,000987,越秀资本,0.26,7.75,7.74,3.354838709677419,3.359173126614987,-0.004334417,,,,,,,,
374,300743,天地数码,0.5,14.91,14.93,3.35345405767941,3.3489618218352315,0.004492235844178349,,,,,,,,
375,002206,海利得,0.18,5.38,5.42,3.3457249070631967,3.3210332103321036,0.02469169673109306,,,,,,,,
376,000951,中国重汽,0.72,21.57,22.04,3.3379694019471486,3.2667876588021776,0.07118174314497105,,,,,,,,
377,600368,五洲交通,0.131,3.93,3.93,3.3333333333333335,3.3333333333333335,0,,,,,,,,
378,688526,科前生物,0.43,12.95,12.84,3.3204633204633205,3.348909657320872,-0.028446337,,,,,,,,
379,603128,华贸物流,0.174,5.25,5.3,3.314285714285714,3.283018867924528,0.03126684636118604,,,,,,,,
380,600971,恒源煤电,0.27,8.16,8.26,3.308823529411765,3.2687651331719128,0.04005839623985219,,,,,,,,
381,002345,潮宏基,0.35,10.59,10.69,3.3050047214353158,3.274087932647334,0.03091678878798154,,,,,,,,
382,601216,君正集团,0.15,4.55,4.63,3.296703296703297,3.2397408207343408,0.056962475968956205,,,,,,,,
383,603699,纽威股份,1.7200000000000002,52.25,51.78,3.291866028708134,3.3217458478176907,-0.029879819,,,,,,,,
384,600845,宝信软件,0.6,18.26,18.94,3.285870755750273,3.167898627243928,0.11797212850634509,,,,,,,,
385,600713,南京医药,0.16999999999999998,5.18,5.09,3.2818532818532815,3.3398821218074652,-0.05802884,,,,,,,,
386,601952,苏垦农发,0.27,8.24,8.3,3.2766990291262137,3.2530120481927707,0.023686980933443014,,,,,,,,
387,603321,梅轮电梯,0.2,6.11,6.12,3.273322422258593,3.2679738562091507,0.005348566049442116,,,,,,,,
388,603648,畅联股份,0.3,9.17,9.18,3.271537622682661,3.2679738562091507,0.0035637664735101993,,,,,,,,
389,000528,柳工,0.2729996,8.36,8.38,3.265545454545455,3.2577517899761337,0.00779366456932129,,,,,,,,
390,300144,宋城演艺,0.2,6.14,6.16,3.257328990228013,3.246753246753247,0.010575743474765975,,,,,,,,
391,300360,炬华科技,0.4,12.31,12.36,3.2493907392363934,3.2362459546925573,0.013144784543836163,,,,,,,,
392,000537,绿发电力,0.245,7.56,7.6,3.2407407407407405,3.223684210526316,0.017056530214424548,,,,,,,,
393,000661,长春高新,2.6,80.51,75.15,3.229412495342193,3.4597471723220226,-0.230334677,,,,,,,,
394,300845,捷安高科,0.35,10.87,10.91,3.219871205151794,3.208065994500458,0.011805210651336218,,,,,,,,
395,300625,三雄极光,0.3,9.33,9.38,3.215434083601286,3.198294243070362,0.01713984053092421,,,,,,,,
396,600886,国投电力,0.4565,14.23,14.37,3.208011243851019,3.1767571329157973,0.03125411093522157,,,,,,,,
397,000963,华东医药,0.9299999999999999,28.99,27.82,3.2080027595722664,3.3429187634795112,-0.134916004,,,,,,,,
398,600048,保利发展,0.16999999999999998,5.3,5.27,3.207547169811321,3.225806451612903,-0.018259282,,,,,,,,
399,300514,友讯达,0.3,9.44,9.57,3.1779661016949152,3.1347962382445136,0.043169863450401635,,,,,,,,
400,600141,兴发集团,1,31.47,32,3.1776294884016525,3.125,0.05262948840165249,,,,,,,,
401,600283,钱江水利,0.25,7.88,7.94,3.1725888324873095,3.1486146095717884,0.023974222915521093,,,,,,,,
402,600248,陕建股份,0.09,2.84,2.88,3.169014084507042,3.125,0.04401408450704203,,,,,,,,
403,603877,太平鸟,0.4,12.64,12.96,3.1645569620253164,3.0864197530864197,0.07813720893889675,,,,,,,,
404,000989,九芝堂,0.3,9.48,9.05,3.164556962025316,3.314917127071823,-0.150360165,,,,,,,,
405,603305,旭升集团,0.38,12.02,11.88,3.1613976705490847,3.1986531986531985,-0.037255528,,,,,,,,
406,603939,益丰药房,0.7,22.15,22.47,3.160270880361174,3.115264797507788,0.04500608285338581,,,,,,,,
407,600558,大西洋,0.15000000000000002,4.76,4.82,3.1512605042016815,3.1120331950207474,0.03922730918093409,,,,,,,,
408,603035,常熟汽饰,0.34604,10.99,11.02,3.148680618744313,3.1401088929219605,0.008571725822352327,,,,,,,,
409,300453,三鑫医疗,0.30000000000000004,9.55,9.41,3.1413612565445033,3.1880977683315623,-0.046736512,,,,,,,,
410,002788,鹭燕医药,0.35,11.15,10.82,3.1390134529147984,3.234750462107209,-0.095737009,,,,,,,,
411,603568,伟明环保,0.48,15.41,15.44,3.1148604802076574,3.1088082901554404,0.006052190052217021,,,,,,,,
412,002010,传化智联,0.15000000000000002,4.82,4.86,3.1120331950207474,3.08641975308642,0.02561344193432724,,,,,,,,
413,601816,京沪高铁,0.1567,5.04,5.08,3.109126984126984,3.084645669291339,0.024481314835645307,,,,,,,,
414,002249,大洋电机,0.23,7.4,7.46,3.108108108108108,3.083109919571046,0.024998188537062038,,,,,,,,
415,600529,山东药玻,0.6,19.32,19.31,3.1055900621118013,3.1071983428275507,-0.001608281,,,,,,,,
416,688366,昊海生科,1,32.25,31.09,3.10077519379845,3.21646831778707,-0.115693124,,,,,,,,
417,000419,通程控股,0.15,4.85,4.9,3.0927835051546393,3.0612244897959178,0.03155901535872152,,,,,,,,
418,600874,创业环保,0.16999999999999998,5.52,5.53,3.079710144927536,3.074141048824593,0.005569096102943316,,,,,,,,
419,601016,节能风电,0.10918,3.55,3.58,3.075492957746479,3.049720670391061,0.025772287355418033,,,,,,,,
420,603288,海天味业,1.12,36.42,36.55,3.0752333882482152,3.0642954856361158,0.010937902612099482,,,,,,,,
421,000999,华润三九,0.77,25.13,24.97,3.0640668523676884,3.083700440528635,-0.019633588,,,,,,,,
422,603055,台华新材,0.25,8.2,8.35,3.0487804878048785,2.9940119760479043,0.05476851175697428,,,,,,,,
423,003011,海象新材,0.6,19.69,19.03,3.0472320975114267,3.1529164477141354,-0.10568435,,,,,,,,
424,603456,九洲药业,0.5,16.45,15.18,3.0395136778115504,3.293807641633729,-0.254293964,,,,,,,,
425,603866,桃李面包,0.13,4.28,4.31,3.0373831775700935,3.0162412993039447,0.021141878266148773,,,,,,,,
426,002376,新北洋,0.2,6.59,6.99,3.0349013657056148,2.8612303290414878,0.17367103666412698,,,,,,,,
427,003010,若羽臣,0.8,26.36,26.81,3.0349013657056148,2.9839612085042897,0.050940157201325054,,,,,,,,
428,600737,中粮糖业,0.41,13.53,12.82,3.0303030303030303,3.1981279251170043,-0.167824895,,,,,,,,
429,601898,中煤能源,0.424,14.03,14.2,3.022095509622238,2.9859154929577465,0.03618001666449144,,,,,,,,
430,300881,盛德鑫泰,1,33.09,33.88,3.0220610456331216,2.9515938606847696,0.07046718494835202,,,,,,,,
431,603088,宁波精达,0.29,9.6,9.25,3.0208333333333335,3.135135135135135,-0.114301802,,,,,,,,
432,000589,贵州轮胎,0.13,4.31,4.28,3.0162412993039447,3.0373831775700935,-0.021141878,,,,,,,,
433,600216,浙江医药,0.37,12.27,11.96,3.015484922575387,3.0936454849498323,-0.078160562,,,,,,,,
434,000739,普洛药业,0.7044069,23.41,21.28,3.009,3.310182800751879,-0.301182801,,,,,,,,
435,603380,易德龙,1,33.29,32.91,3.0039050765995796,3.038590094196293,-0.034685018,,,,,,,,
